First Name,Last Name,Address,Email Address,Product SKU,Product Quantity
Scott,Miller,"14625 John Island Suite 738, North Joshua, KS 36722",waynehenderson@example.org,5136,5
Sarah,Velazquez,"562 Jane Via Apt. 928, New Amanda, ME 23995",millerchad@example.org,9643,3
John,Mitchell,"1175 Crystal Divide Suite 329, Jaredmouth, RI 96321",jturner@example.org,7779,10
Catherine,Ruiz,"6915 Suzanne Prairie, Sydneyberg, KS 15582",kevinlandry@example.org,6473,5
Alex,Ruiz,"PSC 4047, Box 0757, APO AA 04797",justin48@example.net,6707,1
James,Phillips,"360 Brown Walk, East Allisonfurt, GA 20226",daniel36@example.net,5864,7
Charles,Dean,"2179 Richardson Wells Apt. 776, Port Andrew, FM 63695",elizabethjohnson@example.org,3740,10
Robert,Collins,"57192 Lisa Trace, Jesseton, ME 07353",pallen@example.org,1227,4
Sheila,Welch,"Unit 2621 Box 1728, DPO AA 45012",vegamarcus@example.com,8124,3
Amanda,Hayes,"75102 Mark Terrace Suite 807, South Eric, IA 70282",collinsallison@example.org,7505,2
Leslie,Hall,"9794 Lynn Mill Apt. 581, East Rebecca, RI 13082",matthewslarry@example.org,5270,10
Kyle,Bass,"2778 Hanna Track Apt. 412, East Seanfurt, RI 99869",murphyleslie@example.net,2542,5
Dylan,Olson,"07271 Donald Harbor, West Jennaside, MH 50993",qwallace@example.org,2804,4
Peter,Roberts,"824 James Park Suite 777, Michellemouth, MH 03264",kathleen41@example.net,1334,1
Andrew,Krueger,"5486 Andrew Tunnel, Sandrachester, LA 88648",greenbenjamin@example.net,1049,3
Michael,Douglas,"327 Craig Island, Markton, NJ 47622",paulazavala@example.com,4185,7
Heather,Rodriguez,"40347 Tara Mission, East Brittany, HI 76942",ericmartinez@example.net,1960,6
Tracy,York,"40648 Kirk Brook Apt. 138, East Brian, KY 59863",kimberly31@example.org,7261,3
Victoria,Rodriguez,"PSC 2900, Box 5390, APO AP 55797",tiffany72@example.net,7214,1
Aaron,Harper,"Unit 4973 Box 4890, DPO AP 08290",davidbaird@example.org,3388,1
Jack,Vasquez,"802 Mckenzie Brook Apt. 754, Pachecoville, WY 07786",pricesamantha@example.org,9616,7
Joseph,Browning,"3882 Williams Port, New Howard, VT 13268",ramossarah@example.net,5084,6
Kimberly,Williams,"81089 Angela Valleys, West Jose, TX 10265",rthompson@example.net,7587,5
Anthony,Hill,"334 Doyle Mill, North Christopher, IA 78018",nsanchez@example.net,7543,8
Sarah,Hogan,"2880 Sandoval Plains, Lake Angelica, CO 96410",ysmith@example.org,4252,8
Ashley,Lloyd,"906 Timothy Field Suite 957, North Sharon, FM 49024",qcook@example.net,3844,9
Randy,Henderson,"185 Crystal Mountain, Lake Stephanie, TX 02801",nicholassmith@example.com,7406,10
Tammy,Sherman,"07236 Martin Rue Suite 249, Markport, FM 61053",jessicaalexander@example.org,4753,9
Victoria,Hill,"USCGC Strickland, FPO AP 57229",fsanders@example.net,5905,7
Stacy,Cox,"31810 Jacqueline Corners Suite 582, New Angelabury, NH 58921",webstermallory@example.org,8613,9
Debra,Fowler,"04420 Sarah Mount Apt. 225, West Donna, OR 25241",christopherriley@example.org,3949,1
Pamela,James,"4965 Bradford Dale Apt. 015, Diamondhaven, MH 17463",valenciajohn@example.net,6050,9
Brandi,Gray,"7880 Mcmillan Groves, Briannafort, IL 52098",fgardner@example.com,6139,4
Steven,Meyer,"Unit 3806 Box 1819, DPO AP 30063",fishersteven@example.org,1019,2
Elizabeth,Gross,"4229 Christopher Loaf, Port Joshuaview, MP 50512",vsnyder@example.com,7864,6
Ebony,Ward,"1321 Douglas Fall, Brooksborough, CA 81827",jessica87@example.com,7227,3
Raymond,Williams,"Unit 0074 Box 7649, DPO AP 10347",mitchellashley@example.net,9900,2
Jon,Hendrix,"209 Jennifer Manors, West Leslieville, CO 62837",delgadochristian@example.org,1236,10
Stephanie,Pratt,"6447 Gutierrez Land, Mooreborough, WY 14054",sayala@example.com,4276,7
Christine,Perry,"8655 Andrew Ways Apt. 874, South Maureenstad, DE 32877",xodonnell@example.org,5592,3
Judy,Murillo,"1187 Alicia Spur Suite 464, New Shannonland, NJ 23035",hectorevans@example.com,7883,4
Edward,Holmes,"2593 Jones Forest Apt. 299, Rosebury, AR 68931",ahamilton@example.net,9220,5
Patty,Chambers,"54474 Jeffrey Fort Suite 895, West Christophermouth, ND 87700",williamsaustin@example.com,8777,5
Jessica,Anthony,"4855 Williams Mall, Jonesville, WA 65794",uatkinson@example.org,7983,7
Pamela,Baker,"35493 Robert Freeway Suite 823, Mendozahaven, MO 54419",karensmith@example.com,7675,9
Michelle,Brennan,"12506 Taylor Skyway Suite 508, Spencerton, AZ 63107",erica46@example.net,7443,5
Gerald,Bernard,"00040 Brown Lights, South Joseph, DE 13831",ppatterson@example.org,5818,8
Pamela,Ramsey,"828 Rivera Alley Apt. 371, Johnsonstad, DE 87390",gutierrezchristopher@example.org,3939,1
Amy,Dalton,"490 Lopez Fords Apt. 300, South Catherine, CT 08861",jesse68@example.com,8918,8
Erika,Bender,"PSC 0407, Box 8537, APO AP 47219",dennis81@example.com,3759,3
Michael,Scott,"8704 Kelly Isle Suite 667, West Alan, NC 86330",villarrealcynthia@example.org,4181,3
James,Benson,"0098 Pollard Passage Apt. 924, Kennedyland, FM 56048",anthony64@example.com,7163,4
Bruce,Kim,"700 Carmen Heights Apt. 613, Phamville, NH 58917",jacquelinecase@example.org,4507,9
Lucas,Wilson,"045 Natasha Plains, Lake Thomasview, LA 83597",joedrake@example.net,7359,5
Michaela,House,"739 Adams Bridge Suite 929, East Sandrachester, NV 79964",andrew92@example.com,8813,5
Michael,Dennis,"071 Timothy Flat, Foxfurt, VI 67844",robertthomas@example.com,3970,1
Allison,Olsen,"60516 Chambers Stravenue Apt. 410, New Carolineview, SC 20906",qcantu@example.com,8050,10
Dakota,Miller,"97980 Glenn Track Suite 399, Heatherberg, KS 78320",michael35@example.net,5125,3
Sierra,Allison,"20089 Frederick Haven Apt. 565, New Heatherside, NJ 47059",markstaylor@example.org,4093,2
Melissa,Walsh,"93185 Mary Plains, Wigginsstad, ND 05840",wtorres@example.org,9653,5
Jennifer,Ramsey,"78034 Williams Plains Apt. 242, Charleschester, KS 96738",randygaines@example.net,5747,2
Heather,Cruz,"950 Brown Rapid, Austinmouth, NM 06502",ggarcia@example.com,5604,3
Diamond,Thomas,"700 Stephen Fall, Ellisport, MT 75347",connie13@example.net,4189,10
Stacey,Jackson,"67337 Dixon Inlet, Floresport, NM 27804",christopherwillis@example.org,8313,1
Carol,White,"03966 Nicole Station, Patelberg, AK 49560",sreynolds@example.com,4222,6
Amber,Harrison,"Unit 8045 Box 7978, DPO AE 69642",wilsoncarly@example.org,5423,9
Angela,Mccormick,"276 Jesse Motorway, Amandaborough, TN 28953",stevenmcmillan@example.net,8402,6
Michelle,Dickson,"9803 Kevin Square, Christopherport, OK 38067",jerrysaunders@example.com,7429,6
Tina,Lin,"4631 Anthony Prairie, Latashaland, MN 44981",ashleyjackson@example.com,2671,8
James,Cox,"611 Shane Forge, Ronaldstad, CO 72396",shawn03@example.org,6847,4
Jessica,Jones,"933 Richard Stravenue, New Melaniefort, MI 61601",gbrown@example.org,5495,7
Joel,Smith,"20694 Allison Green Apt. 295, Vanessaborough, NY 47445",melissa17@example.net,2598,2
Paula,Green,"Unit 4347 Box 3355, DPO AA 05365",lkaufman@example.org,9599,2
Edward,Schneider,"1006 Steven Field, Roblesfort, NJ 73009",cynthiajones@example.org,5246,6
John,Jefferson,"627 Nash Freeway Suite 115, Vanessaton, PA 99325",kathybrown@example.net,5196,7
Jason,Smith,"USNV Baker, FPO AE 01787",jameswilliams@example.net,4196,10
Krista,Carlson,"8548 Larry View, South Robert, CA 44164",brookschristopher@example.net,5315,8
Corey,Coleman,"289 Navarro Union, Hernandezhaven, CT 27546",bharris@example.com,2116,1
Keith,Deleon,"4683 Christine Unions Apt. 761, Matthewstad, GA 12946",taylorcarney@example.org,3097,9
Glenda,Hernandez,"466 Mary Trail, East Sarah, IA 27369",lucaskimberly@example.org,4029,4
Cheyenne,White,"221 Margaret Bypass Apt. 853, Leehaven, WA 89871",rodriguezveronica@example.com,6155,6
Jerry,Cruz,"58926 Martin Squares, West Paul, NH 55208",zjones@example.org,1224,3
Grace,Flores,"290 Jerry Ridges, North Jason, ND 33210",hudsontheresa@example.org,9284,8
Julie,Saunders,"4622 Robert Meadow Apt. 101, Ralphborough, FL 04527",courtney82@example.org,4383,7
Brittany,Mitchell,"528 Charles Key, Port Erika, MI 52356",jackson98@example.org,4023,8
Kristi,Lang,"8167 Donna Center Apt. 322, New Deniseborough, ME 82106",michaeledwards@example.org,7617,3
Phyllis,Harris,"55805 Stephanie Manors Apt. 393, Port Christophertown, HI 67788",vtyler@example.org,5683,10
Thomas,Blackburn,"8412 David Cove, Kellichester, WV 03559",pamela35@example.net,1095,7
Kim,Dalton,"87146 Kevin Plains Apt. 313, Christianport, NY 18730",amberskinner@example.org,3024,8
Breanna,Burgess,"694 Matthew Inlet Suite 789, North Joshuaberg, ND 65440",phillipsrachel@example.com,8934,3
Lee,Rios,"44770 Torres Lakes Suite 960, Liumouth, NE 75593",clinton50@example.net,7943,9
Steven,Baker,"80802 Richards Green Apt. 188, Jamiemouth, ID 01665",jprice@example.com,1828,4
Jennifer,Atkinson,"94715 Adams Oval Apt. 582, Michaelville, VI 78686",yhawkins@example.com,8008,9
Rachel,Obrien,"82638 Crystal Forge Apt. 819, Stewartmouth, MP 07798",kimberlyriley@example.org,5530,7
Lindsey,Oconnell,"5103 Daniel Route Suite 542, East Jeffreyville, AL 26432",johnpetersen@example.net,2597,5
Timothy,Landry,"84250 Gregory Plains Suite 648, Lisashire, DE 10726",nrussell@example.com,9619,9
Suzanne,Nelson,"02453 Alvarez Garden, Brendaton, WI 79324",antoniohill@example.com,8591,1
Lawrence,Chang,"16376 Randy Islands, Durantown, PR 66984",taylorwolfe@example.org,9594,6
Michael,Rios,"PSC 3692, Box 3528, APO AA 47854",ann25@example.com,9354,2
Ronald,Brown,"88728 Norton Mission, South Angela, MT 35996",bbeard@example.net,7100,6
